row_id,사건일,자료일,사건·조치,지표명,값,단위,기간·플랫폼,측정 방법,source_id,비교 가능 여부,한계
E01,2025-11-06,2026-02-02,글로벌 출시,출시일,2025-11-06,날짜,글로벌 일부 지역 제외,회사 공식 공지,S01,사건 기준점,일부 국가 제외
E02,2026-01-25,2026-02-02,유료 아이템 오류·미고지 수정 발견,오류 발견일,2026-01-25,날짜,글로벌 일부 지역 제외,회사 공식 IR,S01,사건 확인 가능,전체 적용 기간·피해 규모 미확정
E03,2026-01-28,2026-01-28,전액 환불 또는 보상 발표,환불 대상 기간,2025-11-06~2026-01-28,기간,글로벌 공식 포럼,공식 공지,S03,공식 조치 확인 가능,실제 신청률 미공개
E04,2026-02-05,2026-02-05,환불 신청 개시,신청 기간,2026-02-05~2026-02-15,기간,글로벌 공식 포럼,공식 공지,S04,공식 일정 비교 가능,환불 후 계정 이용 제한
E05,2026-02-12,2026-02-12,실적 영향 발표,4분기 매출 영향,-9000000000,엔,2025년 4분기 연결 실적,회사 전망,S02,분기 전망으로 사용 가능,최종 환불액 아님
E06,2026-02-12,2026-02-12,실적 영향 발표,1분기 추가 매출 영향,-5000000000,엔,2026년 1분기 연결 가이던스,회사 전망,S02,분기 전망으로 사용 가능,최종 환불액 아님
E07,2026-01-16,2026-02-19,사건 전 비교일,DAU,231784,명,AOS+iOS 당일,모바일인덱스 재인용,S06,E08과 제한적 비교,원자료·지역·보정식 미확보
E08,2026-02-16,2026-02-19,환불 신청 종료 다음 날,DAU,153123,명,AOS+iOS 당일,모바일인덱스 재인용,S06,E07과 제한적 비교,이탈률·인과 효과 아님
E09,2026-01,2026-04-06,1월 월간 시장 추정,앱마켓 매출,43900000000,원,국내 3개 앱마켓 월간,모바일인덱스 재인용,S07,E10·E11과 제한적 비교,회사 실제 매출 아님
E10,2026-02,2026-04-06,2월 월간 시장 추정,앱마켓 매출,39100000000,원,국내 3개 앱마켓 월간,모바일인덱스 재인용,S07,E09·E11과 제한적 비교,환불 회계 반영 방식 미확인
E11,2026-03,2026-04-06,3월 월간 시장 추정,앱마켓 매출,45200000000,원,국내 3개 앱마켓 월간,모바일인덱스 재인용,S07,E09·E10과 제한적 비교,서비스 회복을 뜻하지 않음
E12,2025-12-31,2026-02-24,환불부채 인식,환불부채,12930000000,엔,연결재무제표,유사 사례 환불률 기반 추정,S05,다른 회계 항목과 구분,최종 지급액 아님
E13,2026-05-14,2026-05-14,NEXON NOW 오픈,투명성 운영 조치,1,건,전체 서버 통합 데이터,회사 공식 공지,S11,조치 존재 확인 가능,신뢰 효과 미공개
E14,2026-07-06,2026-07-06,핵심 문제 정의·의견 수렴,운영 문제 영역,3,종류,공식 커뮤니티,회사 공식 개발자 노트,S12,문제 정의 확인 가능,대상 규모 미공개
E15,2026-08-06,2026-08-06,의견 답변·추가 정보 공개,피드백 루프 조치,3,종류,공식 커뮤니티,회사 공식 개발자 노트,S13,약속 이행 확인 가능,이용자 반응 효과 미공개
E16,2026-08-13,2026-08-13,성장·편의 개선 일부 반영,업데이트 이행,3,범주,전체 서비스,공식 패치노트,S14,약속→구현 비교 가능,이용률·잔존 효과 미공개
E17,2026-09-22,2026-09-15,선택 구매·가격 조정,상품 운영 조치,2,종류,전체 서비스,공식 업데이트 안내,S15,조치 확인 가능,전환·만족도 효과 미공개
E18,2026-09-22,2026-09-15,일부 서버 통합,서비스 운영 조치,1,건,일부 서버,공식 운영 공지,S16,조치 확인 가능,인구 감소 또는 개선 효과로 해석 불가
